"SystemUID","RouteGUID","EntrySignal","EntrySignalName","EntrySignalToolTipName","ExitSignal","ExitSignalName","ExitSignalToolTipName","CPUID","ControlPointName","SwitchList","Priority","IsEnabled"
"F173A5E384","177@100","100727","E-SIGNAL","EA_B","100729","W-SIGNAL","WC_D","100000","CARL","100730;4-SWITCH;TRUE","2","True"
"F791F2916F","137@100","100727","E-SIGNAL","EA_B","100974","W-SIGNAL","WA_B","100000","CARL","100730;4-SWITCH;FALSE","1","True"
"7457FFCEAF","040@100","100729","W-SIGNAL","WC_D","100727","E-SIGNAL","EA_B","100000","CARL","100730;4-SWITCH;TRUE","1","True"
"9CCDD218AE","052@100","100974","W-SIGNAL","WA_B","100727","E-SIGNAL","EA_B","100000","CARL","100730;4-SWITCH;FALSE","1","True"
"82B3D27773","101@100","100121","E-SIGNAL","EA_B","100122","W-SIGNAL","WA","100001","SONGS","100124;28-SWITCH;FALSE","1","True"
"E49894DDF6","150@100","100121","E-SIGNAL","EA_B","100123","W-SIGNAL","WB","100001","SONGS","100124;28-SWITCH;TRUE","2","True"
"10BB8117F9","001@100","100122","W-SIGNAL","WA","100121","E-SIGNAL","EA_B","100001","SONGS","100124;28-SWITCH;FALSE","1","True"
"FF164C1EBD","002@100","100123","W-SIGNAL","WB","100121","E-SIGNAL","EA_B","100001","SONGS","100124;28-SWITCH;TRUE","1","True"
"8BF4612B15","103@100","100148","2E-SIGNAL","2EA_B","100151","2W-SIGNAL","2WA_B","100002","DON","100149;1-SWITCH;FALSE|100150;3-SWITCH;FALSE","1","True"
"97C38F0F2A","184@100","100148","2E-SIGNAL","2EA_B","100151","2W-SIGNAL","2WA_B","100002","DON","100149;1-SWITCH;TRUE|100168;1-SWITCH;TRUE|100169;3-SWITCH;TRUE|100150;3-SWITCH;TRUE","3","True"
"D72539FB61","152@100","100148","2E-SIGNAL","2EA_B","100170","4W-SIGNAL","4WA_B","100002","DON","100149;1-SWITCH;TRUE|100168;1-SWITCH;TRUE|100169;3-SWITCH;FALSE","2","True"
"E4B5C805B9","005@100","100151","2W-SIGNAL","2WA_B","100148","2E-SIGNAL","2EA_B","100002","DON","100150;3-SWITCH;FALSE|100149;1-SWITCH;FALSE","1","True"
"AF8E396B5F","085@100","100151","2W-SIGNAL","2WA_B","100148","2E-SIGNAL","2EA_B","100002","DON","100150;3-SWITCH;TRUE|100169;3-SWITCH;TRUE|100168;1-SWITCH;TRUE|100149;1-SWITCH;TRUE","3","True"
"B446289AF5","053@100","100151","2W-SIGNAL","2WA_B","100167","4E-SIGNAL","4EA_B","100002","DON","100150;3-SWITCH;TRUE|100169;3-SWITCH;TRUE|100168;1-SWITCH;FALSE","2","True"
"AD2742D5D9","153@100","100167","4E-SIGNAL","4EA_B","100151","2W-SIGNAL","2WA_B","100002","DON","100168;1-SWITCH;FALSE|100169;3-SWITCH;TRUE|100150;3-SWITCH;TRUE","2","True"
"DEE02F0148","104@100","100167","4E-SIGNAL","4EA_B","100170","4W-SIGNAL","4WA_B","100002","DON","100168;1-SWITCH;FALSE|100169;3-SWITCH;FALSE","1","True"
"990C89C452","056@100","100170","4W-SIGNAL","4WA_B","100148","2E-SIGNAL","2EA_B","100002","DON","100169;3-SWITCH;FALSE|100168;1-SWITCH;TRUE|100149;1-SWITCH;TRUE","2","True"
"01450EB5FA","008@100","100170","4W-SIGNAL","4WA_B","100167","4E-SIGNAL","4EA_B","100002","DON","100169;3-SWITCH;FALSE|100168;1-SWITCH;FALSE","1","True"
"129252A3F7","151@100","100142","65-SIGNAL","EA_B","100143","66-SIGNAL","WB","100003","PULGAS","100145;30-SWITCH;TRUE","2","True"
"E6FC16C2C3","102@100","100142","65-SIGNAL","EA_B","100144","66-SIGNAL","WA","100003","PULGAS","100145;30-SWITCH;FALSE","1","True"
"45F168EAAF","003@100","100143","66-SIGNAL","WB","100142","65-SIGNAL","EA_B","100003","PULGAS","100145;30-SWITCH;TRUE","1","True"
"8909B69042","004@100","100144","66-SIGNAL","WA","100142","65-SIGNAL","EA_B","100003","PULGAS","100145;30-SWITCH;FALSE","1","True"
"B5EC3FC94B","062@100","100300","4W-SIGNAL","4W","100389","2E-SIGNAL","2E","100004","CUDAHY","100295;3-SWITCH;TRUE|100285;3-SWITCH;TRUE|100282;1-SWITCH;FALSE","2","True"
"C3BF948211","017@100","100300","4W-SIGNAL","4W","100433","4E-SIGNAL","4E","100004","CUDAHY","100295;3-SWITCH;FALSE|100276;1-SWITCH;FALSE","1","True"
"0EDC915C31","090@100","100300","4W-SIGNAL","4W","100433","4E-SIGNAL","4E","100004","CUDAHY","100295;3-SWITCH;TRUE|100285;3-SWITCH;TRUE|100282;1-SWITCH;TRUE|100276;1-SWITCH;TRUE","3","True"
"5DBA3CA588","018@100","100301","2W-SIGNAL","2W","100389","2E-SIGNAL","2E","100004","CUDAHY","100285;3-SWITCH;FALSE|100282;1-SWITCH;FALSE","1","True"
"867F6A285D","063@100","100301","2W-SIGNAL","2W","100433","4E-SIGNAL","4E","100004","CUDAHY","100285;3-SWITCH;FALSE|100282;1-SWITCH;TRUE|100276;1-SWITCH;TRUE","2","True"
"9BD39DACB3","162@100","100389","2E-SIGNAL","2E","100300","4W-SIGNAL","4W","100004","CUDAHY","100282;1-SWITCH;FALSE|100285;3-SWITCH;TRUE|100295;3-SWITCH;TRUE","2","True"
"7F4E404626","119@100","100389","2E-SIGNAL","2E","100301","2W-SIGNAL","2W","100004","CUDAHY","100282;1-SWITCH;FALSE|100285;3-SWITCH;FALSE","1","True"
"E20A7308BE","122@100","100433","4E-SIGNAL","4E","100300","4W-SIGNAL","4W","100004","CUDAHY","100276;1-SWITCH;FALSE|100295;3-SWITCH;FALSE","1","True"
"66C9CFF528","189@100","100433","4E-SIGNAL","4E","100300","4W-SIGNAL","4W","100004","CUDAHY","100276;1-SWITCH;TRUE|100282;1-SWITCH;TRUE|100285;3-SWITCH;TRUE|100295;3-SWITCH;TRUE","3","True"
"A69331805B","165@100","100433","4E-SIGNAL","4E","100301","2W-SIGNAL","2W","100004","CUDAHY","100276;1-SWITCH;TRUE|100282;1-SWITCH;TRUE|100285;3-SWITCH;FALSE","2","True"
"B818A2BC35","006@100","100164","4W-SIGNAL","4WA","100661","4E-SIGNAL","4E","100005","STUART","100166;3-SWITCH;FALSE|100679;1-SWITCH;FALSE","1","True"
"045A50ACBD","054@100","100164","4W-SIGNAL","4WA","100689","2E-SIGNAL","2E","100005","STUART","100166;3-SWITCH;FALSE|100679;1-SWITCH;TRUE|100684;1-SWITCH;TRUE","2","True"
"AAF23C22FC","007@100","100165","4W-SIGNAL","4WC","100661","4E-SIGNAL","4E","100005","STUART","100166;3-SWITCH;TRUE|100679;1-SWITCH;FALSE","1","True"
"D6EFE77D63","055@100","100165","4W-SIGNAL","4WC","100689","2E-SIGNAL","2E","100005","STUART","100166;3-SWITCH;TRUE|100679;1-SWITCH;TRUE|100684;1-SWITCH;TRUE","2","True"
"BAB3A1DDA2","132@100","100661","4E-SIGNAL","4E","100164","4W-SIGNAL","4WA","100005","STUART","100679;1-SWITCH;FALSE|100166;3-SWITCH;FALSE","1","True"
"03F8CC72FA","172@100","100661","4E-SIGNAL","4E","100165","4W-SIGNAL","4WC","100005","STUART","100679;1-SWITCH;FALSE|100166;3-SWITCH;TRUE","2","True"
"765C0BA592","173@100","100689","2E-SIGNAL","2E","100164","4W-SIGNAL","4WA","100005","STUART","100684;1-SWITCH;TRUE|100679;1-SWITCH;TRUE|100166;3-SWITCH;FALSE","2","True"
"A14DB8091E","191@100","100689","2E-SIGNAL","2E","100165","4W-SIGNAL","4WC","100005","STUART","100684;1-SWITCH;TRUE|100679;1-SWITCH;TRUE|100166;3-SWITCH;TRUE","3","True"
"648B0D9FAF","134@100","100689","2E-SIGNAL","2E","100889","2W-SIGNAL","2W","100005","STUART","100684;1-SWITCH;FALSE","1","True"
"5A2393E4D1","045@100","100889","2W-SIGNAL","2W","100689","2E-SIGNAL","2E","100005","STUART","100684;1-SWITCH;FALSE","1","True"
"9C3F410191","154@100","100171","4E-SIGNAL","EB","100882","2W-SIGNAL","2W","100006","MESA","100665;1-SWITCH;TRUE|100675;3-SWITCH;TRUE|100674;3-SWITCH;TRUE","2","True"
"479E86F969","105@100","100171","4E-SIGNAL","EB","100915","4W-SIGNAL","WA","100006","MESA","100665;1-SWITCH;TRUE|100675;3-SWITCH;FALSE","1","True"
"6C9744185A","133@100","100667","2E-SIGNAL","2E","100882","2W-SIGNAL","2W","100006","MESA","100674;3-SWITCH;FALSE","1","True"
"F4E7E77B4C","096@100","100882","2W-SIGNAL","2W","100171","4E-SIGNAL","EB","100006","MESA","100674;3-SWITCH;TRUE|100675;3-SWITCH;TRUE|100665;1-SWITCH;TRUE","3","True"
"C8A8F433AA","044@100","100882","2W-SIGNAL","2W","100667","2E-SIGNAL","2E","100006","MESA","100674;3-SWITCH;FALSE","1","True"
"03EB65FF63","081@100","100882","2W-SIGNAL","2W","100913","4E-SIGNAL","EA","100006","MESA","100674;3-SWITCH;TRUE|100675;3-SWITCH;TRUE|100665;1-SWITCH;FALSE","2","True"
"B58624F309","183@100","100913","4E-SIGNAL","EA","100882","2W-SIGNAL","2W","100006","MESA","100665;1-SWITCH;FALSE|100675;3-SWITCH;TRUE|100674;3-SWITCH;TRUE","2","True"
"7B64711651","148@100","100913","4E-SIGNAL","EA","100915","4W-SIGNAL","WA","100006","MESA","100665;1-SWITCH;FALSE|100675;3-SWITCH;FALSE","1","True"
"4DE770A330","083@100","100915","4W-SIGNAL","WA","100171","4E-SIGNAL","EB","100006","MESA","100675;3-SWITCH;FALSE|100665;1-SWITCH;TRUE","2","True"
"EA62F3A9C3","050@100","100915","4W-SIGNAL","WA","100913","4E-SIGNAL","EA","100006","MESA","100675;3-SWITCH;FALSE|100665;1-SWITCH;FALSE","1","True"
"52F27BA313","115@100","100340","2E-SIGNAL","1E-SIGNAL","100344","2W-SIGNAL","1W-SIGNAL","100007","ROSE","100341;1-SWITCH;FALSE|100343;3-SWITCH;FALSE","1","True"
"555247492C","188@100","100340","2E-SIGNAL","1E-SIGNAL","100344","2W-SIGNAL","1W-SIGNAL","100007","ROSE","100341;1-SWITCH;TRUE|100412;1-SWITCH;TRUE|100413;3-SWITCH;TRUE|100343;3-SWITCH;TRUE","3","True"
"03FA54BBED","160@100","100340","2E-SIGNAL","1E-SIGNAL","100414","4W-SIGNAL","2W-SIGNAL","100007","ROSE","100341;1-SWITCH;TRUE|100412;1-SWITCH;TRUE|100413;3-SWITCH;FALSE","2","True"
"34EAE2B3E1","021@100","100344","2W-SIGNAL","1W-SIGNAL","100340","2E-SIGNAL","1E-SIGNAL","100007","ROSE","100343;3-SWITCH;FALSE|100341;1-SWITCH;FALSE","1","True"
"9C6BB108B6","091@100","100344","2W-SIGNAL","1W-SIGNAL","100340","2E-SIGNAL","1E-SIGNAL","100007","ROSE","100343;3-SWITCH;TRUE|100413;3-SWITCH;TRUE|100412;1-SWITCH;TRUE|100341;1-SWITCH;TRUE","3","True"
"195C17BCB6","066@100","100344","2W-SIGNAL","1W-SIGNAL","100409","4E-SIGNAL","2E-SIGNAL","100007","ROSE","100343;3-SWITCH;TRUE|100413;3-SWITCH;TRUE|100412;1-SWITCH;FALSE","2","True"
"E553A353E4","164@100","100409","4E-SIGNAL","2E-SIGNAL","100344","2W-SIGNAL","1W-SIGNAL","100007","ROSE","100412;1-SWITCH;FALSE|100413;3-SWITCH;TRUE|100343;3-SWITCH;TRUE","2","True"
"F79B1B7391","121@100","100409","4E-SIGNAL","2E-SIGNAL","100414","4W-SIGNAL","2W-SIGNAL","100007","ROSE","100412;1-SWITCH;FALSE|100413;3-SWITCH;FALSE","1","True"
"42A182B2BC","069@100","100414","4W-SIGNAL","2W-SIGNAL","100340","2E-SIGNAL","1E-SIGNAL","100007","ROSE","100413;3-SWITCH;FALSE|100412;1-SWITCH;TRUE|100341;1-SWITCH;TRUE","2","True"
"0CFBA268AA","025@100","100414","4W-SIGNAL","2W-SIGNAL","100409","4E-SIGNAL","2E-SIGNAL","100007","ROSE","100413;3-SWITCH;FALSE|100412;1-SWITCH;FALSE","1","True"
"E6B32D01B0","124@100","100467","2E-SIGNAL","2ED - SIGNAL","100491","2W-SIGNAL","2W-SIGNAL","100008","BROADWAY","100469;5-SWITCH;TRUE|100472;1-SWITCH;TRUE","1","True"
"AABBE0A179","125@100","100478","2E-SIGNAL","2EC-SIGNAL","100491","2W-SIGNAL","2W-SIGNAL","100008","BROADWAY","100469;5-SWITCH;FALSE|100472;1-SWITCH;TRUE","1","True"
"A734C185F7","126@100","100479","2E-SIGNAL","2EB - SIGNAL","100491","2W-SIGNAL","2W-SIGNAL","100008","BROADWAY","100477;3-SWITCH;TRUE|100472;1-SWITCH;FALSE","1","True"
"5886FDC1DA","127@100","100480","2E-SIGNAL","2EA-SIGNAL","100491","2W-SIGNAL","2W-SIGNAL","100008","BROADWAY","100477;3-SWITCH;FALSE|100472;1-SWITCH;FALSE","1","True"
"E91F76B3F0","092@100","100491","2W-SIGNAL","2W-SIGNAL","100467","2E-SIGNAL","2ED - SIGNAL","100008","BROADWAY","100472;1-SWITCH;TRUE|100469;5-SWITCH;TRUE","4","True"
"CC68421E86","070@100","100491","2W-SIGNAL","2W-SIGNAL","100478","2E-SIGNAL","2EC-SIGNAL","100008","BROADWAY","100472;1-SWITCH;TRUE|100469;5-SWITCH;FALSE","2","True"
"5BD0B89DC5","071@100","100491","2W-SIGNAL","2W-SIGNAL","100479","2E-SIGNAL","2EB - SIGNAL","100008","BROADWAY","100472;1-SWITCH;FALSE|100477;3-SWITCH;TRUE","3","True"
"5AB08C7607","029@100","100491","2W-SIGNAL","2W-SIGNAL","100480","2E-SIGNAL","2EA-SIGNAL","100008","BROADWAY","100472;1-SWITCH;FALSE|100477;3-SWITCH;FALSE","1","True"
"A9032A11CD","107@100","100214","77-SIGNAL","EBA_B","100221","78-SIGNAL","WA_B","100009","EAST BROOK","100220;37-SWITCH;TRUE","1","True"
"4DCE9A73F5","057@100","100221","78-SIGNAL","WA_B","100214","77-SIGNAL","EBA_B","100009","EAST BROOK","100220;37-SWITCH;TRUE","2","True"
"479365AB37","011@100","100221","78-SIGNAL","WA_B","100917","77-SIGNAL","EAA_B","100009","EAST BROOK","100220;37-SWITCH;FALSE","1","True"
"96AAF355DD","149@100","100917","77-SIGNAL","EAA_B","100221","78-SIGNAL","WA_B","100009","EAST BROOK","100220;37-SWITCH;FALSE","1","True"
"4BF14D20C5","131@100","100635","2E-SIGNAL","2EA_B","100646","2W-SIGNAL","2WA_B","100010","SORRENTO","100641;1-SWITCH;FALSE","1","True"
"2C9AA0BDD4","171@100","100635","2E-SIGNAL","2EA_B","100648","4W-SIGNAL","4WA_B","100010","SORRENTO","100641;1-SWITCH;TRUE|100642;1-SWITCH;TRUE","2","True"
"99A8EE1E13","036@100","100646","2W-SIGNAL","2WA_B","100635","2E-SIGNAL","2EA_B","100010","SORRENTO","100641;1-SWITCH;FALSE","1","True"
"B31D440413","077@100","100648","4W-SIGNAL","4WA_B","100635","2E-SIGNAL","2EA_B","100010","SORRENTO","100642;1-SWITCH;TRUE|100641;1-SWITCH;TRUE","2","True"
"7E74D27670","037@100","100648","4W-SIGNAL","4WA_B","100905","4E-SIGNAL","4EA_B","100010","SORRENTO","100642;1-SWITCH;FALSE","1","True"
"17B9875051","145@100","100905","4E-SIGNAL","4EA_B","100648","4W-SIGNAL","4WA_B","100010","SORRENTO","100642;1-SWITCH;FALSE","1","True"
"84B5209964","136@100","100705","E-SIGNAL","E-SIGNAL","100706","W-SIGNAL","W-SIGNAL","100011","PACIFIC","100708;1-SWITCH;FALSE","1","True"
"A14DA6B01C","176@100","100705","E-SIGNAL","E-SIGNAL","100707","W-SIGNAL","W-SIGNAL","100011","PACIFIC","100708;1-SWITCH;TRUE","2","True"
"C01A1A1C7C","038@100","100706","W-SIGNAL","W-SIGNAL","100705","E-SIGNAL","E-SIGNAL","100011","PACIFIC","100708;1-SWITCH;FALSE","1","True"
"473E4B49BD","039@100","100707","W-SIGNAL","W-SIGNAL","100705","E-SIGNAL","E-SIGNAL","100011","PACIFIC","100708;1-SWITCH;TRUE","1","True"
"A398CA4024","108@100","100250","4-SIGNAL","EA_B","100251","5-SIGNAL","WAA_B","100012","SHELL","100253;1-SWITCH;FALSE","1","True"
"EC921BCDB7","156@100","100250","4-SIGNAL","EA_B","100252","5-SIGNAL","WBA_B","100012","SHELL","100253;1-SWITCH;TRUE","2","True"
"2747A98FF8","012@100","100251","5-SIGNAL","WAA_B","100250","4-SIGNAL","EA_B","100012","SHELL","100253;1-SWITCH;FALSE","1","True"
"E5BCC2064E","013@100","100252","5-SIGNAL","WBA_B","100250","4-SIGNAL","EA_B","100012","SHELL","100253;1-SWITCH;TRUE","1","True"
"A88C68062B","158@100","100257","2E-SIGNAL","2E-SIGNAL","100264","4W-SIGNAL","4W-SIGNAL","100013","ESCONDIDO JCT","100275;3-SWITCH;FALSE|100732;7-SWITCH;FALSE|100773;5-SWITCH;FALSE|100779;1-SWITCH;TRUE|100782;1-SWITCH;TRUE","3","True"
"4C58A76444","197@100","100257","2E-SIGNAL","2E-SIGNAL","100264","4W-SIGNAL","4W-SIGNAL","100013","ESCONDIDO JCT","100275;3-SWITCH;FALSE|100732;7-SWITCH;TRUE|100735;7-SWITCH;TRUE|100756;5-SWITCH;TRUE|100773;5-SWITCH;TRUE|100779;1-SWITCH;TRUE|100782;1-SWITCH;TRUE","5","True"
"8A2ACAB89D","157@100","100257","2E-SIGNAL","2E-SIGNAL","100277","6W-SIGNAL","6W-SIGNAL","100013","ESCONDIDO JCT","100275;3-SWITCH;FALSE|100732;7-SWITCH;TRUE|100735;7-SWITCH;TRUE|100756;5-SWITCH;FALSE","2","True"
"7F2C37F196","109@100","100257","2E-SIGNAL","2E-SIGNAL","100288","2W-SIGNAL","2W-SIGNAL","100013","ESCONDIDO JCT","100275;3-SWITCH;FALSE|100732;7-SWITCH;FALSE|100773;5-SWITCH;FALSE|100779;1-SWITCH;FALSE","1","True"
"6793BF48E0","185@100","100257","2E-SIGNAL","2E-SIGNAL","100288","2W-SIGNAL","2W-SIGNAL","100013","ESCONDIDO JCT","100275;3-SWITCH;FALSE|100732;7-SWITCH;TRUE|100735;7-SWITCH;TRUE|100756;5-SWITCH;TRUE|100773;5-SWITCH;TRUE|100779;1-SWITCH;FALSE","4","True"
"CB1F7B6F49","110@100","100258","4E-SIGNAL","4E-SIGNAL","100264","4W-SIGNAL","4W-SIGNAL","100013","ESCONDIDO JCT","100286;3-SWITCH;FALSE|100782;1-SWITCH;FALSE","1","True"
"0C3A4271C0","187@100","100258","4E-SIGNAL","4E-SIGNAL","100264","4W-SIGNAL","4W-SIGNAL","100013","ESCONDIDO JCT","100286;3-SWITCH;TRUE|100275;3-SWITCH;TRUE|100732;7-SWITCH;FALSE|100773;5-SWITCH;FALSE|100779;1-SWITCH;TRUE|100782;1-SWITCH;TRUE","4","True"
"0EC9E7042A","200@100","100258","4E-SIGNAL","4E-SIGNAL","100264","4W-SIGNAL","4W-SIGNAL","100013","ESCONDIDO JCT","100286;3-SWITCH;TRUE|100275;3-SWITCH;TRUE|100732;7-SWITCH;TRUE|100735;7-SWITCH;TRUE|100756;5-SWITCH;TRUE|100773;5-SWITCH;TRUE|100779;1-SWITCH;TRUE|100782;1-SWITCH;TRUE","6","True"
"E45EC20E0F","186@100","100258","4E-SIGNAL","4E-SIGNAL","100277","6W-SIGNAL","6W-SIGNAL","100013","ESCONDIDO JCT","100286;3-SWITCH;TRUE|100275;3-SWITCH;TRUE|100732;7-SWITCH;TRUE|100735;7-SWITCH;TRUE|100756;5-SWITCH;FALSE","3","True"
"ADCD994A02","159@100","100258","4E-SIGNAL","4E-SIGNAL","100288","2W-SIGNAL","2W-SIGNAL","100013","ESCONDIDO JCT","100286;3-SWITCH;TRUE|100275;3-SWITCH;TRUE|100732;7-SWITCH;FALSE|100773;5-SWITCH;FALSE|100779;1-SWITCH;FALSE","2","True"
"588CBC3AF4","198@100","100258","4E-SIGNAL","4E-SIGNAL","100288","2W-SIGNAL","2W-SIGNAL","100013","ESCONDIDO JCT","100286;3-SWITCH;TRUE|100275;3-SWITCH;TRUE|100732;7-SWITCH;TRUE|100735;7-SWITCH;TRUE|100756;5-SWITCH;TRUE|100773;5-SWITCH;TRUE|100779;1-SWITCH;FALSE","5","True"
"E443B479D6","058@100","100264","4W-SIGNAL","4W-SIGNAL","100257","2E-SIGNAL","2E-SIGNAL","100013","ESCONDIDO JCT","100782;1-SWITCH;TRUE|100779;1-SWITCH;TRUE|100773;5-SWITCH;FALSE|100732;7-SWITCH;FALSE|100275;3-SWITCH;FALSE","2","True"
"94F5C82803","098@100","100264","4W-SIGNAL","4W-SIGNAL","100257","2E-SIGNAL","2E-SIGNAL","100013","ESCONDIDO JCT","100782;1-SWITCH;TRUE|100779;1-SWITCH;TRUE|100773;5-SWITCH;TRUE|100756;5-SWITCH;TRUE|100735;7-SWITCH;TRUE|100732;7-SWITCH;TRUE|100275;3-SWITCH;FALSE","5","True"
"8D2AE462F2","014@100","100264","4W-SIGNAL","4W-SIGNAL","100258","4E-SIGNAL","4E-SIGNAL","100013","ESCONDIDO JCT","100782;1-SWITCH;FALSE|100286;3-SWITCH;FALSE","1","True"
"B9DB0AC3D3","087@100","100264","4W-SIGNAL","4W-SIGNAL","100258","4E-SIGNAL","4E-SIGNAL","100013","ESCONDIDO JCT","100782;1-SWITCH;TRUE|100779;1-SWITCH;TRUE|100773;5-SWITCH;FALSE|100732;7-SWITCH;FALSE|100275;3-SWITCH;TRUE|100286;3-SWITCH;TRUE","4","True"
"C38C8F5CA6","100@100","100264","4W-SIGNAL","4W-SIGNAL","100258","4E-SIGNAL","4E-SIGNAL","100013","ESCONDIDO JCT","100782;1-SWITCH;TRUE|100779;1-SWITCH;TRUE|100773;5-SWITCH;TRUE|100756;5-SWITCH;TRUE|100735;7-SWITCH;TRUE|100732;7-SWITCH;TRUE|100275;3-SWITCH;TRUE|100286;3-SWITCH;TRUE","6","True"
"B6007325A0","086@100","100264","4W-SIGNAL","4W-SIGNAL","100738","6E-SIGNAL","6E-SIGNAL","100013","ESCONDIDO JCT","100782;1-SWITCH;TRUE|100779;1-SWITCH;TRUE|100773;5-SWITCH;TRUE|100756;5-SWITCH;TRUE|100735;7-SWITCH;FALSE","3","True"
"BBD3EA2358","059@100","100277","6W-SIGNAL","6W-SIGNAL","100257","2E-SIGNAL","2E-SIGNAL","100013","ESCONDIDO JCT","100756;5-SWITCH;FALSE|100735;7-SWITCH;TRUE|100732;7-SWITCH;TRUE|100275;3-SWITCH;FALSE","2","True"
"096330B5CE","088@100","100277","6W-SIGNAL","6W-SIGNAL","100258","4E-SIGNAL","4E-SIGNAL","100013","ESCONDIDO JCT","100756;5-SWITCH;FALSE|100735;7-SWITCH;TRUE|100732;7-SWITCH;TRUE|100275;3-SWITCH;TRUE|100286;3-SWITCH;TRUE","3","True"
"66BC6C077F","015@100","100277","6W-SIGNAL","6W-SIGNAL","100738","6E-SIGNAL","6E-SIGNAL","100013","ESCONDIDO JCT","100756;5-SWITCH;FALSE|100735;7-SWITCH;FALSE","1","True"
"06756AF23A","016@100","100288","2W-SIGNAL","2W-SIGNAL","100257","2E-SIGNAL","2E-SIGNAL","100013","ESCONDIDO JCT","100779;1-SWITCH;FALSE|100773;5-SWITCH;FALSE|100732;7-SWITCH;FALSE|100275;3-SWITCH;FALSE","1","True"
"900DD2E258","089@100","100288","2W-SIGNAL","2W-SIGNAL","100257","2E-SIGNAL","2E-SIGNAL","100013","ESCONDIDO JCT","100779;1-SWITCH;FALSE|100773;5-SWITCH;TRUE|100756;5-SWITCH;TRUE|100735;7-SWITCH;TRUE|100732;7-SWITCH;TRUE|100275;3-SWITCH;FALSE","4","True"
"07AC2C95DC","061@100","100288","2W-SIGNAL","2W-SIGNAL","100258","4E-SIGNAL","4E-SIGNAL","100013","ESCONDIDO JCT","100779;1-SWITCH;FALSE|100773;5-SWITCH;FALSE|100732;7-SWITCH;FALSE|100275;3-SWITCH;TRUE|100286;3-SWITCH;TRUE","3","True"
"C1EED5A0B8","099@100","100288","2W-SIGNAL","2W-SIGNAL","100258","4E-SIGNAL","4E-SIGNAL","100013","ESCONDIDO JCT","100779;1-SWITCH;FALSE|100773;5-SWITCH;TRUE|100756;5-SWITCH;TRUE|100735;7-SWITCH;TRUE|100732;7-SWITCH;TRUE|100275;3-SWITCH;TRUE|100286;3-SWITCH;TRUE","5","True"
"7584F0DF7B","060@100","100288","2W-SIGNAL","2W-SIGNAL","100738","6E-SIGNAL","6E-SIGNAL","100013","ESCONDIDO JCT","100779;1-SWITCH;FALSE|100773;5-SWITCH;TRUE|100756;5-SWITCH;TRUE|100735;7-SWITCH;FALSE","2","True"
"7227F61183","194@100","100738","6E-SIGNAL","6E-SIGNAL","100264","4W-SIGNAL","4W-SIGNAL","100013","ESCONDIDO JCT","100735;7-SWITCH;FALSE|100756;5-SWITCH;TRUE|100773;5-SWITCH;TRUE|100779;1-SWITCH;TRUE|100782;1-SWITCH;TRUE","3","True"
"AEB9A64C59","138@100","100738","6E-SIGNAL","6E-SIGNAL","100277","6W-SIGNAL","6W-SIGNAL","100013","ESCONDIDO JCT","100735;7-SWITCH;FALSE|100756;5-SWITCH;FALSE","1","True"
"1656228380","178@100","100738","6E-SIGNAL","6E-SIGNAL","100288","2W-SIGNAL","2W-SIGNAL","100013","ESCONDIDO JCT","100735;7-SWITCH;FALSE|100756;5-SWITCH;TRUE|100773;5-SWITCH;TRUE|100779;1-SWITCH;FALSE","2","True"
"97E0C9D029","141@100","100818","2E-SIGNAL","EC_D","100826","1W-SIGNAL","WA_B","100015","SCRIPPS","100825;1-SWITCH;TRUE","1","True"
"B90111CCB8","142@100","100819","2E-SIGNAL","EA_B","100826","1W-SIGNAL","WA_B","100015","SCRIPPS","100825;1-SWITCH;FALSE","1","True"
"E6A9E9B386","080@100","100826","1W-SIGNAL","WA_B","100818","2E-SIGNAL","EC_D","100015","SCRIPPS","100825;1-SWITCH;TRUE","2","True"
"B1E20B3CF6","043@100","100826","1W-SIGNAL","WA_B","100819","2E-SIGNAL","EA_B","100015","SCRIPPS","100825;1-SWITCH;FALSE","1","True"
"8FA5006163","111@100","100306","6-SIGNAL","EA_B","100313","1-SIGNAL","WA_B","100016","LONGBOARD","100312;2-SWITCH;FALSE","1","True"
"F02CB1DC42","112@100","100307","6-SIGNAL","EC_D","100313","1-SIGNAL","WA_B","100016","LONGBOARD","100312;2-SWITCH;TRUE","1","True"
"05B3CA17D3","019@100","100313","1-SIGNAL","WA_B","100306","6-SIGNAL","EA_B","100016","LONGBOARD","100312;2-SWITCH;FALSE","1","True"
"6CAA1F3D30","064@100","100313","1-SIGNAL","WA_B","100307","6-SIGNAL","EC_D","100016","LONGBOARD","100312;2-SWITCH;TRUE","2","True"
"C05989C911","139@100","100754","2E-SIGNAL","2EA_B","100757","2W-SIGNAL","2WA_B","100017","FARR","100902;1-SWITCH;FALSE|100903;3-SWITCH;FALSE","1","True"
"7B3F380460","195@100","100754","2E-SIGNAL","2EA_B","100757","2W-SIGNAL","2WA_B","100017","FARR","100902;1-SWITCH;TRUE|100901;1-SWITCH;TRUE|100767;3-SWITCH;TRUE|100903;3-SWITCH;TRUE","3","True"
"03757FAD3E","179@100","100754","2E-SIGNAL","2EA_B","100768","4W-SIGNAL","4WA_B","100017","FARR","100902;1-SWITCH;TRUE|100901;1-SWITCH;TRUE|100767;3-SWITCH;FALSE","2","True"
"B16EF04A67","041@100","100757","2W-SIGNAL","2WA_B","100754","2E-SIGNAL","2EA_B","100017","FARR","100903;3-SWITCH;FALSE|100902;1-SWITCH;FALSE","1","True"
"DD815E66B9","095@100","100757","2W-SIGNAL","2WA_B","100754","2E-SIGNAL","2EA_B","100017","FARR","100903;3-SWITCH;TRUE|100767;3-SWITCH;TRUE|100901;1-SWITCH;TRUE|100902;1-SWITCH;TRUE","3","True"
"637466EA72","078@100","100757","2W-SIGNAL","2WA_B","100765","4E-SIGNAL","4EA_B","100017","FARR","100903;3-SWITCH;TRUE|100767;3-SWITCH;TRUE|100901;1-SWITCH;FALSE","2","True"
"C4B29C7D3E","180@100","100765","4E-SIGNAL","4EA_B","100757","2W-SIGNAL","2WA_B","100017","FARR","100901;1-SWITCH;FALSE|100767;3-SWITCH;TRUE|100903;3-SWITCH;TRUE","2","True"
"54E946B00A","140@100","100765","4E-SIGNAL","4EA_B","100768","4W-SIGNAL","4WA_B","100017","FARR","100901;1-SWITCH;FALSE|100767;3-SWITCH;FALSE","1","True"
"AD620A62A7","079@100","100768","4W-SIGNAL","4WA_B","100754","2E-SIGNAL","2EA_B","100017","FARR","100767;3-SWITCH;FALSE|100901;1-SWITCH;TRUE|100902;1-SWITCH;TRUE","2","True"
"569FAA0E47","042@100","100768","4W-SIGNAL","4WA_B","100765","4E-SIGNAL","4EA_B","100017","FARR","100767;3-SWITCH;FALSE|100901;1-SWITCH;FALSE","1","True"
"282496C784","113@100","100327","3-SIGNAL","EB","100334","15-SIGNAL","WA_B","100018","PONTO","100333;5-SWITCH;TRUE","1","True"
"8AA4A11733","114@100","100328","3-SIGNAL","EA","100334","15-SIGNAL","WA_B","100018","PONTO","100333;5-SWITCH;FALSE","1","True"
"EAA5FB5504","065@100","100334","15-SIGNAL","WA_B","100327","3-SIGNAL","EB","100018","PONTO","100333;5-SWITCH;TRUE","2","True"
"C1B1216184","020@100","100334","15-SIGNAL","WA_B","100328","3-SIGNAL","EA","100018","PONTO","100333;5-SWITCH;FALSE","1","True"
"1E6B65E99C","116@100","100350","53-SIGNAL","EA_B","100351","54-SIGNAL","WA","100019","SWAMI","100353;26-SWITCH;FALSE","1","True"
"FF98FC885E","161@100","100350","53-SIGNAL","EA_B","100897","54-SIGNAL","WB","100019","SWAMI","100353;26-SWITCH;TRUE","2","True"
"908DAB51BE","022@100","100351","54-SIGNAL","WA","100350","53-SIGNAL","EA_B","100019","SWAMI","100353;26-SWITCH;FALSE","1","True"
"34EDAA9994","047@100","100897","54-SIGNAL","WB","100350","53-SIGNAL","EA_B","100019","SWAMI","100353;26-SWITCH;TRUE","1","True"
"B7A0ABCBFA","143@100","100874","2E-SIGNAL","1E-SIGNAL","100890","2W-SIGNAL","1W-SIGNAL","100020","CARDIFF","100881;1-SWITCH;FALSE|100888;3-SWITCH;FALSE","1","True"
"E4088625C3","181@100","100874","2E-SIGNAL","1E-SIGNAL","100916","4W-SIGNAL","2W-SIGNAL","100020","CARDIFF","100881;1-SWITCH;FALSE|100888;3-SWITCH;TRUE|100914;3-SWITCH;TRUE","2","True"
"16B1433C8D","046@100","100890","2W-SIGNAL","1W-SIGNAL","100874","2E-SIGNAL","1E-SIGNAL","100020","CARDIFF","100888;3-SWITCH;FALSE|100881;1-SWITCH;FALSE","1","True"
"CB67CC02D6","082@100","100890","2W-SIGNAL","1W-SIGNAL","100910","4E-SIGNAL","2E-SIGNAL","100020","CARDIFF","100888;3-SWITCH;FALSE|100881;1-SWITCH;TRUE|100912;1-SWITCH;TRUE","2","True"
"D4DCC53D4F","182@100","100910","4E-SIGNAL","2E-SIGNAL","100890","2W-SIGNAL","1W-SIGNAL","100020","CARDIFF","100912;1-SWITCH;TRUE|100881;1-SWITCH;TRUE|100888;3-SWITCH;FALSE","2","True"
"2BE3D1A5D8","147@100","100910","4E-SIGNAL","2E-SIGNAL","100916","4W-SIGNAL","2W-SIGNAL","100020","CARDIFF","100912;1-SWITCH;FALSE|100914;3-SWITCH;FALSE","1","True"
"C9818115FC","196@100","100910","4E-SIGNAL","2E-SIGNAL","100916","4W-SIGNAL","2W-SIGNAL","100020","CARDIFF","100912;1-SWITCH;TRUE|100881;1-SWITCH;TRUE|100888;3-SWITCH;TRUE|100914;3-SWITCH;TRUE","3","True"
"CDE9658480","084@100","100916","4W-SIGNAL","2W-SIGNAL","100874","2E-SIGNAL","1E-SIGNAL","100020","CARDIFF","100914;3-SWITCH;TRUE|100888;3-SWITCH;TRUE|100881;1-SWITCH;FALSE","2","True"
"BEFAE24635","051@100","100916","4W-SIGNAL","2W-SIGNAL","100910","4E-SIGNAL","2E-SIGNAL","100020","CARDIFF","100914;3-SWITCH;FALSE|100912;1-SWITCH;FALSE","1","True"
"F61FA40FAB","097@100","100916","4W-SIGNAL","2W-SIGNAL","100910","4E-SIGNAL","2E-SIGNAL","100020","CARDIFF","100914;3-SWITCH;TRUE|100888;3-SWITCH;TRUE|100881;1-SWITCH;TRUE|100912;1-SWITCH;TRUE","3","True"
"74CD7003FE","117@100","100379","47-SIGNAL","EAA_B","100386","48-SIGNAL","WA_B","100022","VALLEY","100385;23-SWITCH;FALSE","1","True"
"E40DA0A6D4","118@100","100380","47-SIGNAL","EBA_B","100386","48-SIGNAL","WA_B","100022","VALLEY","100385;23-SWITCH;TRUE","1","True"
"5A00AC0B4D","023@100","100386","48-SIGNAL","WA_B","100379","47-SIGNAL","EAA_B","100022","VALLEY","100385;23-SWITCH;FALSE","1","True"
"C981959CB6","067@100","100386","48-SIGNAL","WA_B","100380","47-SIGNAL","EBA_B","100022","VALLEY","100385;23-SWITCH;TRUE","2","True"
"1CEB3D70C0","120@100","100394","41-SIGNAL","EA_B","100907","38-SIGNAL","WAA_B","100023","CROSBY","100899;18-SWITCH;FALSE","1","True"
"AEBD6D2531","163@100","100394","41-SIGNAL","EA_B","100911","38-SIGNAL","WBA_B","100023","CROSBY","100899;18-SWITCH;TRUE","2","True"
"2E7E0EDD12","048@100","100907","38-SIGNAL","WAA_B","100394","41-SIGNAL","EA_B","100023","CROSBY","100899;18-SWITCH;FALSE","1","True"
"BE5670325C","049@100","100911","38-SIGNAL","WBA_B","100394","41-SIGNAL","EA_B","100023","CROSBY","100899;18-SWITCH;TRUE","1","True"
"DF067B7C83","024@100","100408","43-SIGNAL","WA_B","100892","39-SIGNAL","EA","100024","DEL MAR","100407;19-SWITCH;FALSE","1","True"
"8F0AC7029D","068@100","100408","43-SIGNAL","WA_B","100909","39-SIGNAL","EB","100024","DEL MAR","100407;19-SWITCH;TRUE","2","True"
"2C24C21AE1","144@100","100892","39-SIGNAL","EA","100408","43-SIGNAL","WA_B","100024","DEL MAR","100407;19-SWITCH;FALSE","1","True"
"1059BC4905","146@100","100909","39-SIGNAL","EB","100408","43-SIGNAL","WA_B","100024","DEL MAR","100407;19-SWITCH;TRUE","1","True"
"2AD66AEB57","106@100","100184","E-SIGNAL","EA_B","100185","W-SIGNAL","WA","100025","TORREY","100187;1-SWITCH;FALSE","1","True"
"1F2D3243DE","155@100","100184","E-SIGNAL","EA_B","100186","W-SIGNAL","WC","100025","TORREY","100187;1-SWITCH;TRUE","2","True"
"2F166D117C","009@100","100185","W-SIGNAL","WA","100184","E-SIGNAL","EA_B","100025","TORREY","100187;1-SWITCH;FALSE","1","True"
"FE39D7C7F8","010@100","100186","W-SIGNAL","WC","100184","E-SIGNAL","EA_B","100025","TORREY","100187;1-SWITCH;TRUE","1","True"
"034AF1B379","123@100","100440","27-SIGNAL","2EA_B","100441","W-SIGNAL","2WA_B","100027","MIRAMAR","100443;11-SWITCH;FALSE|100459;12-SWITCH;FALSE","1","True"
"1655ED4BBD","167@100","100440","27-SIGNAL","2EA_B","100442","W-SIGNAL","4WA_B","100027","MIRAMAR","100443;11-SWITCH;FALSE|100459;12-SWITCH;TRUE","3","True"
"86C184B1AD","166@100","100440","27-SIGNAL","2EA_B","100460","W-SIGNAL","2WC_D","100027","MIRAMAR","100443;11-SWITCH;TRUE","2","True"
"8E58678119","026@100","100441","W-SIGNAL","2WA_B","100440","27-SIGNAL","2EA_B","100027","MIRAMAR","100459;12-SWITCH;FALSE|100443;11-SWITCH;FALSE","1","True"
"A1B7815D28","027@100","100442","W-SIGNAL","4WA_B","100440","27-SIGNAL","2EA_B","100027","MIRAMAR","100459;12-SWITCH;TRUE|100443;11-SWITCH;FALSE","1","True"
"D819799B8C","028@100","100460","W-SIGNAL","2WC_D","100440","27-SIGNAL","2EA_B","100027","MIRAMAR","100443;11-SWITCH;TRUE","1","True"
"DC80ED2264","190@100","100528","4E-SIGNAL","4EA_B","100544","W-SIGNAL","2WBA_B","100033","ASH","100529;8-SWITCH;FALSE|100530;9-SWITCH;TRUE|100519;9-SWITCH;TRUE|100533;20-SWITCH;TRUE","4","True"
"CC7AC86EA8","168@100","100528","4E-SIGNAL","4EA_B","100545","W-SIGNAL","2WAA_B","100033","ASH","100529;8-SWITCH;FALSE|100530;9-SWITCH;TRUE|100519;9-SWITCH;TRUE|100533;20-SWITCH;FALSE","2","True"
"5482BD953B","128@100","100528","4E-SIGNAL","4EA_B","100546","W-SIGNAL","4WAA_B","100033","ASH","100529;8-SWITCH;FALSE|100530;9-SWITCH;FALSE|100535;21-SWITCH;FALSE","1","True"
"AB2A10380B","169@100","100528","4E-SIGNAL","4EA_B","100547","W-SIGNAL","4WBA_B","100033","ASH","100529;8-SWITCH;FALSE|100530;9-SWITCH;FALSE|100535;21-SWITCH;TRUE","3","True"
"5432BDA6ED","072@100","100544","W-SIGNAL","2WBA_B","100528","4E-SIGNAL","4EA_B","100033","ASH","100533;20-SWITCH;TRUE|100519;9-SWITCH;TRUE|100530;9-SWITCH;TRUE|100529;8-SWITCH;FALSE","2","True"
"08DA64FCFD","030@100","100544","W-SIGNAL","2WBA_B","100692","EB MT1","2EA_B","100033","ASH","100533;20-SWITCH;TRUE|100519;9-SWITCH;FALSE|100518;8-SWITCH;FALSE","1","True"
"542855BBCB","093@100","100544","W-SIGNAL","2WBA_B","100692","EB MT1","2EA_B","100033","ASH","100533;20-SWITCH;TRUE|100519;9-SWITCH;TRUE|100530;9-SWITCH;TRUE|100529;8-SWITCH;TRUE|100518;8-SWITCH;TRUE","3","True"
"6EF20C58BC","073@100","100545","W-SIGNAL","2WAA_B","100528","4E-SIGNAL","4EA_B","100033","ASH","100533;20-SWITCH;FALSE|100519;9-SWITCH;TRUE|100530;9-SWITCH;TRUE|100529;8-SWITCH;FALSE","2","True"
"3A930D282E","031@100","100545","W-SIGNAL","2WAA_B","100692","EB MT1","2EA_B","100033","ASH","100533;20-SWITCH;FALSE|100519;9-SWITCH;FALSE|100518;8-SWITCH;FALSE","1","True"
"DFA085AA00","094@100","100545","W-SIGNAL","2WAA_B","100692","EB MT1","2EA_B","100033","ASH","100533;20-SWITCH;FALSE|100519;9-SWITCH;TRUE|100530;9-SWITCH;TRUE|100529;8-SWITCH;TRUE|100518;8-SWITCH;TRUE","3","True"
"C3BD209420","032@100","100546","W-SIGNAL","4WAA_B","100528","4E-SIGNAL","4EA_B","100033","ASH","100535;21-SWITCH;FALSE|100530;9-SWITCH;FALSE|100529;8-SWITCH;FALSE","1","True"
"E3E5150E62","074@100","100546","W-SIGNAL","4WAA_B","100692","EB MT1","2EA_B","100033","ASH","100535;21-SWITCH;FALSE|100530;9-SWITCH;FALSE|100529;8-SWITCH;TRUE|100518;8-SWITCH;TRUE","2","True"
"A21575D495","033@100","100547","W-SIGNAL","4WBA_B","100528","4E-SIGNAL","4EA_B","100033","ASH","100535;21-SWITCH;TRUE|100530;9-SWITCH;FALSE|100529;8-SWITCH;FALSE","1","True"
"C2DEA98867","075@100","100547","W-SIGNAL","4WBA_B","100692","EB MT1","2EA_B","100033","ASH","100535;21-SWITCH;TRUE|100530;9-SWITCH;FALSE|100529;8-SWITCH;TRUE|100518;8-SWITCH;TRUE","2","True"
"D271D14018","175@100","100692","EB MT1","2EA_B","100544","W-SIGNAL","2WBA_B","100033","ASH","100518;8-SWITCH;FALSE|100519;9-SWITCH;FALSE|100533;20-SWITCH;TRUE","3","True"
"56DA165C6D","199@100","100692","EB MT1","2EA_B","100544","W-SIGNAL","2WBA_B","100033","ASH","100518;8-SWITCH;TRUE|100529;8-SWITCH;TRUE|100530;9-SWITCH;TRUE|100519;9-SWITCH;TRUE|100533;20-SWITCH;TRUE","6","True"
"AC8D534090","135@100","100692","EB MT1","2EA_B","100545","W-SIGNAL","2WAA_B","100033","ASH","100518;8-SWITCH;FALSE|100519;9-SWITCH;FALSE|100533;20-SWITCH;FALSE","1","True"
"8C74F4C8CE","192@100","100692","EB MT1","2EA_B","100545","W-SIGNAL","2WAA_B","100033","ASH","100518;8-SWITCH;TRUE|100529;8-SWITCH;TRUE|100530;9-SWITCH;TRUE|100519;9-SWITCH;TRUE|100533;20-SWITCH;FALSE","4","True"
"2ECA10E2DB","174@100","100692","EB MT1","2EA_B","100546","W-SIGNAL","4WAA_B","100033","ASH","100518;8-SWITCH;TRUE|100529;8-SWITCH;TRUE|100530;9-SWITCH;FALSE|100535;21-SWITCH;FALSE","2","True"
"719E92CE74","193@100","100692","EB MT1","2EA_B","100547","W-SIGNAL","4WBA_B","100033","ASH","100518;8-SWITCH;TRUE|100529;8-SWITCH;TRUE|100530;9-SWITCH;FALSE|100535;21-SWITCH;TRUE","5","True"
"081021EEC4","129@100","100625","4E-SIGNAL","4E","100627","4W-SIGNAL","4W","100035","CONVAIR","100623;1-SWITCH;FALSE","1","True"
"1527633FB4","170@100","100625","4E-SIGNAL","4E","100628","2W-SIGNAL","2W","100035","CONVAIR","100623;1-SWITCH;TRUE|100624;1-SWITCH;TRUE","2","True"
"E0E38861B0","130@100","100626","2E-SIGNAL","2E","100628","2W-SIGNAL","2W","100035","CONVAIR","100624;1-SWITCH;FALSE","1","True"
"3E689D89C7","034@100","100627","4W-SIGNAL","4W","100625","4E-SIGNAL","4E","100035","CONVAIR","100623;1-SWITCH;FALSE","1","True"
"D9DD100A4B","076@100","100628","2W-SIGNAL","2W","100625","4E-SIGNAL","4E","100035","CONVAIR","100624;1-SWITCH;TRUE|100623;1-SWITCH;TRUE","2","True"
"AC6FADB263","035@100","100628","2W-SIGNAL","2W","100626","2E-SIGNAL","2E","100035","CONVAIR","100624;1-SWITCH;FALSE","1","True"
"0C28A3B85B","223@200","200112","11E-SIGNAL","E-SIGNAL","200119","12W-SIGNAL","W-SIGNAL","200000","OCEAN","200118;1-SWITCH;TRUE","1","True"
"1E291E43F4","224@200","200113","11E-SIGNAL","11E-SIGNAL","200119","12W-SIGNAL","W-SIGNAL","200000","OCEAN","200118;1-SWITCH;FALSE","1","True"
"540EB39AC3","208@200","200119","12W-SIGNAL","W-SIGNAL","200112","11E-SIGNAL","E-SIGNAL","200000","OCEAN","200118;1-SWITCH;TRUE","2","True"
"E6F6AEE76F","181@200","200119","12W-SIGNAL","W-SIGNAL","200113","11E-SIGNAL","11E-SIGNAL","200000","OCEAN","200118;1-SWITCH;FALSE","1","True"
"0344A68A83","225@200","200130","1E-SIGNAL","1E-SIGNAL","200152","3W-SIGNAL","W-SIGNAL","200002","RAILROAD","200535;3-SWITCH;TRUE|200131;1-SWITCH;FALSE","1","True"
"0A967B9C16","226@200","200141","2E-SIGNAL","2E-SIGNAL","200144","3W-SIGNAL","2W-SIGNAL","200002","RAILROAD","200142;1-SWITCH;FALSE","1","True"
"D5FD8DACF2","260@200","200141","2E-SIGNAL","2E-SIGNAL","200152","3W-SIGNAL","W-SIGNAL","200002","RAILROAD","200142;1-SWITCH;TRUE|200131;1-SWITCH;TRUE","2","True"
"F8F17F9249","182@200","200144","3W-SIGNAL","2W-SIGNAL","200141","2E-SIGNAL","2E-SIGNAL","200002","RAILROAD","200142;1-SWITCH;FALSE","1","True"
"6E61193A0C","183@200","200152","3W-SIGNAL","W-SIGNAL","200130","1E-SIGNAL","1E-SIGNAL","200002","RAILROAD","200131;1-SWITCH;FALSE|200535;3-SWITCH;TRUE","1","True"
"9166C1D0FA","209@200","200152","3W-SIGNAL","W-SIGNAL","200141","2E-SIGNAL","2E-SIGNAL","200002","RAILROAD","200131;1-SWITCH;TRUE|200142;1-SWITCH;TRUE","2","True"
"F54B64388D","261@200","200168","1E-SIGNAL","1E-SIGNAL","200184","1W-SIGNAL","1W-SIGNAL","200003","TRUE","200153;5-SWITCH;TRUE","2","True"
"638680F8AF","231@200","200168","1E-SIGNAL","1E-SIGNAL","200185","1W-SIGNAL","1W-SIGNAL","200003","TRUE","200153;5-SWITCH;FALSE","1","True"
"B2BC056294","186@200","200184","1W-SIGNAL","1W-SIGNAL","200169","1E-SIGNAL","1E-SIGNAL","200003","TRUE","200153;5-SWITCH;TRUE","1","True"
"EC4DBCE4CD","187@200","200185","1W-SIGNAL","1W-SIGNAL","200169","1E-SIGNAL","1E-SIGNAL","200003","TRUE","200153;5-SWITCH;FALSE","1","True"
"236B14574B","227@200","200150","EBNS COAST","EBNS COAST","200173","1W-SIGNAL","1W-SIGNAL","200004","WYE","","1","True"
"63D36A78FF","228@200","200157","E-SIGNAL","E-SIGNAL","200164","W-SIGNAL","W-SIGNAL","200004","WYE","200163;1-SWITCH;FALSE","1","True"
"58373F5A2C","229@200","200158","E-SIGNAL","E-SIGNAL","200164","W-SIGNAL","W-SIGNAL","200004","WYE","200163;1-SWITCH;TRUE","1","True"
"24A2BE0C73","184@200","200164","W-SIGNAL","W-SIGNAL","200157","E-SIGNAL","E-SIGNAL","200004","WYE","200163;1-SWITCH;FALSE","1","True"
"88DE40338D","210@200","200164","W-SIGNAL","W-SIGNAL","200158","E-SIGNAL","E-SIGNAL","200004","WYE","200163;1-SWITCH;TRUE","2","True"
"8E2421AC88","262@200","200169","1E-SIGNAL","1E-SIGNAL","200184","1W-SIGNAL","1W-SIGNAL","200005","CROUCH","200153;5-SWITCH;TRUE","2","True"
"6FCB99233E","232@200","200169","1E-SIGNAL","1E-SIGNAL","200185","1W-SIGNAL","1W-SIGNAL","200005","CROUCH","200153;5-SWITCH;FALSE","1","True"
"60BAC9AD5A","185@200","200173","1W-SIGNAL","1W-SIGNAL","200150","EBNS COAST","EBNS COAST","200005","CROUCH","","1","True"
"63ED9A60CD","233@200","200170","1E-SIGNAL","1E-SIGNAL","200223","W-SIGNAL","W-SIGNAL","200006","RANCHO","200222;6-SWITCH;TRUE","1","True"
"3F9787A56F","234@200","200171","1E-SIGNAL","1E-SIGNAL","200223","W-SIGNAL","W-SIGNAL","200006","RANCHO","200222;6-SWITCH;FALSE","1","True"
"B842997D68","236@200","200216","E-SIGNAL","E-SIGNAL","200223","W-SIGNAL","W-SIGNAL","200007","SCHOOL","200222;6-SWITCH;FALSE","1","True"
"028E1DACBD","237@200","200217","E-SIGNAL","E-SIGNAL","200223","W-SIGNAL","W-SIGNAL","200007","SCHOOL","200222;6-SWITCH;TRUE","1","True"
"CB4C265A1A","188@200","200223","W-SIGNAL","W-SIGNAL","200167","1E-SIGNAL","1E-SIGNAL","200007","SCHOOL","200222;6-SWITCH;FALSE","1","True"
"0AD3679CA4","211@200","200223","W-SIGNAL","W-SIGNAL","200172","1E-SIGNAL","1E-SIGNAL","200007","SCHOOL","200222;6-SWITCH;TRUE","2","True"
"D135A12165","230@200","200167","1E-SIGNAL","1E-SIGNAL","200223","W-SIGNAL","W-SIGNAL","200008","EL CAMINO","200222;6-SWITCH;FALSE","1","True"
"1513B78889","235@200","200172","1E-SIGNAL","1E-SIGNAL","200223","W-SIGNAL","W-SIGNAL","200008","EL CAMINO","200222;6-SWITCH;TRUE","1","True"
"9F1744AA4B","241@200","200267","1E-SIGNAL","1E-SIGNAL","200244","W-SIGNAL","W-SIGNAL","200009","MELROSE","200246;9-SWITCH;FALSE","1","True"
"1C6317348F","264@200","200267","1E-SIGNAL","1E-SIGNAL","200245","W-SIGNAL","W-SIGNAL","200009","MELROSE","200246;9-SWITCH;TRUE","2","True"
"A14F526CE8","238@200","200243","E-SIGNAL","E-SIGNAL","200244","W-SIGNAL","W-SIGNAL","200010","ANGEL","200246;9-SWITCH;FALSE","1","True"
"E42C1CADBF","263@200","200243","E-SIGNAL","E-SIGNAL","200245","W-SIGNAL","W-SIGNAL","200010","ANGEL","200246;9-SWITCH;TRUE","2","True"
"51489364D5","189@200","200244","W-SIGNAL","W-SIGNAL","200267","1E-SIGNAL","1E-SIGNAL","200010","ANGEL","200246;9-SWITCH;FALSE","1","True"
"CAE4B6DB35","190@200","200245","W-SIGNAL","W-SIGNAL","200267","1E-SIGNAL","1E-SIGNAL","200010","ANGEL","200246;9-SWITCH;TRUE","1","True"
"B415D10354","242@200","200268","E-SIGNAL","E-SIGNAL","200261","WBNS ESCON AVE","WBNS ESCON AVE","200011","VISTA","","1","True"
"5FFCDC12BA","243@200","200269","1E-SIGNAL","1E-SIGNAL","200260","WBNS ESCONDIDO AVE","WBNS ESCONDIDO AVE","200011","VISTA","","1","True"
"996720B9C2","192@200","200260","WBNS ESCONDIDO AVE","WBNS ESCONDIDO AVE","200269","1E-SIGNAL","1E-SIGNAL","200012","CIVIC CTR VISTA","","1","True"
"A867D2ADC3","193@200","200261","WBNS ESCON AVE","WBNS ESCON AVE","200268","E-SIGNAL","E-SIGNAL","200012","CIVIC CTR VISTA","","1","True"
"2EE3338802","239@200","200250","E-SIGNAL","E-SIGNAL","200265","1W-SIGNAL","1W-SIGNAL","200013","AVENUE","200256;10-SWITCH;FALSE","1","True"
"7F795255DF","240@200","200251","E-SIGNAL","E-SIGNAL","200265","1W-SIGNAL","1W-SIGNAL","200013","AVENUE","200256;10-SWITCH;TRUE","1","True"
"402E8EC667","191@200","200257","W-SIGNAL","W-SIGNAL","200250","E-SIGNAL","E-SIGNAL","200013","AVENUE","200256;10-SWITCH;FALSE","1","True"
"76E6BE46F6","212@200","200257","W-SIGNAL","W-SIGNAL","200251","E-SIGNAL","E-SIGNAL","200013","AVENUE","200256;10-SWITCH;TRUE","2","True"
"9BCB7F7E0B","196@200","200265","1W-SIGNAL","1W-SIGNAL","200250","E-SIGNAL","E-SIGNAL","200014","BUENA CREEK","200256;10-SWITCH;FALSE","1","True"
"9560B50826","213@200","200265","1W-SIGNAL","1W-SIGNAL","200251","E-SIGNAL","E-SIGNAL","200014","BUENA CREEK","200256;10-SWITCH;TRUE","2","True"
"634958FEE8","245@200","200307","33-SIGNAL","1E-SIGNAL","200262","WBNS CIVIC","WBNS CIVIC","200015","PALOMAR","","1","True"
"C4F718277A","246@200","200308","42-SIGNAL","1E-SIGNAL","200263","WBNS CIVIC CTR","WBNS CIVIC CTR","200015","PALOMAR","","1","True"
"F80CC7F575","244@200","200296","E-SIGNAL","E-SIGNAL","200297","W-SIGNAL","W-SIGNAL","200016","MISSY","200299;11-SWITCH;FALSE","1","True"
"F1FA2E55D2","265@200","200296","E-SIGNAL","E-SIGNAL","200298","W-SIGNAL","W-SIGNAL","200016","MISSY","200299;11-SWITCH;TRUE","2","True"
"7238CDFC7C","197@200","200297","W-SIGNAL","W-SIGNAL","200296","E-SIGNAL","E-SIGNAL","200016","MISSY","200299;11-SWITCH;FALSE","1","True"
"3DA34E60CE","198@200","200298","W-SIGNAL","W-SIGNAL","200296","E-SIGNAL","E-SIGNAL","200016","MISSY","200299;11-SWITCH;TRUE","1","True"
"4F65AC54D9","194@200","200262","WBNS CIVIC","WBNS CIVIC","200307","33-SIGNAL","1E-SIGNAL","200017","LOOP WEST","","1","True"
"CD806F47C3","195@200","200263","WBNS CIVIC CTR","WBNS CIVIC CTR","200308","42-SIGNAL","1E-SIGNAL","200017","LOOP WEST","","1","True"
"24A3EC4BF7","247@200","200316","E-SIGNAL","E-SIGNAL","200317","W-SIGNAL","W-SIGNAL","200017","LOOP WEST","200319;15-SWITCH;FALSE","1","True"
"16A0D014C3","266@200","200316","E-SIGNAL","E-SIGNAL","200318","W-SIGNAL","W-SIGNAL","200017","LOOP WEST","200319;15-SWITCH;TRUE","2","True"
"42F16349D2","199@200","200317","W-SIGNAL","W-SIGNAL","200316","E-SIGNAL","E-SIGNAL","200017","LOOP WEST","200319;15-SWITCH;FALSE","1","True"
"28272D5320","200@200","200318","W-SIGNAL","W-SIGNAL","200316","E-SIGNAL","E-SIGNAL","200017","LOOP WEST","200319;15-SWITCH;TRUE","1","True"
"708D8F10EA","248@200","200324","EBNS CIVIC","EBNS CIVIC","200330","W-SIGNAL","W-SIGNAL","200017","LOOP WEST","200357;1-SWITCH;TRUE","1","True"
"69CE746614","251@200","200377","E-SIGNAL","E-SIGNAL","200393","W-SIGNAL","W-SIGNAL","200019","LOOP EAST","200383;17-SWITCH;TRUE","1","True"
"9945375DDC","215@200","200384","W-SIGNAL","W-SIGNAL","200377","E-SIGNAL","E-SIGNAL","200019","LOOP EAST","200383;17-SWITCH;TRUE","2","True"
"A3B2BB3D60","202@200","200384","W-SIGNAL","W-SIGNAL","200391","E-SIGNAL","E-SIGNAL","200019","LOOP EAST","200383;17-SWITCH;FALSE","1","True"
"0EE86AE395","252@200","200391","E-SIGNAL","E-SIGNAL","200393","W-SIGNAL","W-SIGNAL","200019","LOOP EAST","200383;17-SWITCH;FALSE","1","True"
"2AC55C07C5","214@200","200330","W-SIGNAL","W-SIGNAL","200324","EBNS CIVIC","EBNS CIVIC","200020","SHELLY","200357;1-SWITCH;TRUE","2","True"
"87360598ED","201@200","200330","W-SIGNAL","W-SIGNAL","200351","E-SIGNAL","E-SIGNAL","200020","SHELLY","200357;1-SWITCH;FALSE","1","True"
"8F4A67F461","249@200","200351","E-SIGNAL","E-SIGNAL","200330","W-SIGNAL","W-SIGNAL","200020","SHELLY","200357;1-SWITCH;FALSE","1","True"
"F56C1F0F6D","250@200","200352","E-SIGNAL","E-SIGNAL","200330","W-SIGNAL","W-SIGNAL","200020","SHELLY","200357;1-SWITCH;TRUE","1","True"
"961C7CA751","216@200","200393","W-SIGNAL","W-SIGNAL","200377","E-SIGNAL","E-SIGNAL","200025","NORDAHL","200383;17-SWITCH;TRUE","2","True"
"0AE0280573","203@200","200393","W-SIGNAL","W-SIGNAL","200391","E-SIGNAL","E-SIGNAL","200025","NORDAHL","200383;17-SWITCH;FALSE","1","True"
"1DA5D0B8B7","253@200","200413","E-SIGNAL","E-SIGNAL","200476","1W-SIGNAL","1W-SIGNAL","200025","NORDAHL","","1","True"
"FF05B5E00A","259@200","200475","1E-SIGNAL","1E-SIGNAL","200463","W-SIGNAL","W-SIGNAL","200026","HOLDOUT","200427;5-SWITCH;FALSE|200438;3-SWITCH;FALSE|200465;1-SWITCH;FALSE","1","True"
"415A402A8F","271@200","200475","1E-SIGNAL","1E-SIGNAL","200464","W-SIGNAL","W-SIGNAL","200026","HOLDOUT","200427;5-SWITCH;FALSE|200438;3-SWITCH;FALSE|200465;1-SWITCH;TRUE","2","True"
"0612E32B79","207@200","200476","1W-SIGNAL","1W-SIGNAL","200413","E-SIGNAL","E-SIGNAL","200026","HOLDOUT","","1","True"
"FCD517439D","254@200","200428","E-SIGNAL","E-SIGNAL","200463","W-SIGNAL","W-SIGNAL","200027","YARD","200427;5-SWITCH;FALSE|200438;3-SWITCH;FALSE|200465;1-SWITCH;FALSE","1","True"
"7D52B479E8","267@200","200428","E-SIGNAL","E-SIGNAL","200464","W-SIGNAL","W-SIGNAL","200027","YARD","200427;5-SWITCH;FALSE|200438;3-SWITCH;FALSE|200465;1-SWITCH;TRUE","2","True"
"90FCB4E3F0","255@200","200430","E-SIGNAL","E-SIGNAL","200463","W-SIGNAL","W-SIGNAL","200027","YARD","200427;5-SWITCH;TRUE|200438;3-SWITCH;FALSE|200465;1-SWITCH;FALSE","1","True"
"F7C996DC8C","268@200","200430","E-SIGNAL","E-SIGNAL","200464","W-SIGNAL","W-SIGNAL","200027","YARD","200427;5-SWITCH;TRUE|200438;3-SWITCH;FALSE|200465;1-SWITCH;TRUE","2","True"
"D2C97720F6","256@200","200452","1E-SIGNAL","1E-SIGNAL","200463","W-SIGNAL","W-SIGNAL","200027","YARD","200451;11-SWITCH;TRUE|200457;13-SWITCH;TRUE|200438;3-SWITCH;TRUE|200465;1-SWITCH;FALSE","1","True"
"980E121FCA","269@200","200452","1E-SIGNAL","1E-SIGNAL","200464","W-SIGNAL","W-SIGNAL","200027","YARD","200451;11-SWITCH;TRUE|200457;13-SWITCH;TRUE|200438;3-SWITCH;TRUE|200465;1-SWITCH;TRUE","2","True"
"9EF7E928B1","257@200","200453","1E-SIGNAL","1E-SIGNAL","200463","W-SIGNAL","W-SIGNAL","200027","YARD","200450;9-SWITCH;TRUE|200457;13-SWITCH;FALSE|200438;3-SWITCH;TRUE|200465;1-SWITCH;FALSE","1","True"
"254D396262","270@200","200453","1E-SIGNAL","1E-SIGNAL","200464","W-SIGNAL","W-SIGNAL","200027","YARD","200450;9-SWITCH;TRUE|200457;13-SWITCH;FALSE|200438;3-SWITCH;TRUE|200465;1-SWITCH;TRUE","2","True"
"8EA8707ABE","218@200","200463","W-SIGNAL","W-SIGNAL","200430","E-SIGNAL","E-SIGNAL","200027","YARD","200465;1-SWITCH;FALSE|200438;3-SWITCH;FALSE|200427;5-SWITCH;TRUE","3","True"
"D89F390B65","221@200","200463","W-SIGNAL","W-SIGNAL","200452","1E-SIGNAL","1E-SIGNAL","200027","YARD","200465;1-SWITCH;FALSE|200438;3-SWITCH;TRUE|200457;13-SWITCH;TRUE|200451;11-SWITCH;TRUE","4","True"
"9D14745D33","217@200","200463","W-SIGNAL","W-SIGNAL","200453","1E-SIGNAL","1E-SIGNAL","200027","YARD","200465;1-SWITCH;FALSE|200438;3-SWITCH;TRUE|200457;13-SWITCH;FALSE|200450;9-SWITCH;TRUE","2","True"
"A5D0D771E3","204@200","200463","W-SIGNAL","W-SIGNAL","200475","1E-SIGNAL","1E-SIGNAL","200027","YARD","200465;1-SWITCH;FALSE|200438;3-SWITCH;FALSE|200427;5-SWITCH;FALSE","1","True"
"6350A08238","220@200","200464","W-SIGNAL","W-SIGNAL","200430","E-SIGNAL","E-SIGNAL","200027","YARD","200465;1-SWITCH;TRUE|200438;3-SWITCH;FALSE|200427;5-SWITCH;TRUE","3","True"
"CE46390728","222@200","200464","W-SIGNAL","W-SIGNAL","200452","1E-SIGNAL","1E-SIGNAL","200027","YARD","200465;1-SWITCH;TRUE|200438;3-SWITCH;TRUE|200457;13-SWITCH;TRUE|200451;11-SWITCH;TRUE","4","True"
"BD1CFA0EF1","219@200","200464","W-SIGNAL","W-SIGNAL","200453","1E-SIGNAL","1E-SIGNAL","200027","YARD","200465;1-SWITCH;TRUE|200438;3-SWITCH;TRUE|200457;13-SWITCH;FALSE|200450;9-SWITCH;TRUE","2","True"
"F0B485395A","205@200","200464","W-SIGNAL","W-SIGNAL","200475","1E-SIGNAL","1E-SIGNAL","200027","YARD","200465;1-SWITCH;TRUE|200438;3-SWITCH;FALSE|200427;5-SWITCH;FALSE","1","True"
"4CAE17620E","258@200","200469","E-SIGNAL","E-SIGNAL","200471","1W-SIGNAL","1W-SIGNAL","200028","AVO","200472;7-SWITCH;TRUE","1","True"
"CE953DD7DD","206@200","200471","1W-SIGNAL","1W-SIGNAL","200469","E-SIGNAL","E-SIGNAL","200028","AVO","200472;7-SWITCH;TRUE","1","True"
